{
  "qwen/qwen3.5-plus-02-15": 0.0055396,
  "z-ai/glm-5": 0.0122316,
  "openai/gpt-oss-120b": 0.0020637,
  "openai/gpt-oss-20b": 0.00022602,
  "moonshotai/kimi-k2.5": 0.0054534,
  "minimax/minimax-m2.5": 0.0149652,
  "google/gemini-3-pro-preview": 0.04518756,
  "google/gemini-3-flash-preview": 0.0051495,
  "anthropic/claude-sonnet-4.5": 0.04797,
  "anthropic/claude-haiku-4.5": 0.00438,
  "anthropic/claude-opus-4.5": 0.0338,
  "openai/gpt-5.2-codex": 0.04300625,
  "deepseek/deepseek-v3.2": 0.00041658,
  "openai/gpt-5.2": 0.01667225,
  "openai/gpt-5-mini": 0.01161575,
  "openai/gpt-5-nano": 0.00461555,
  "openai/gpt-4.1": 0.0058,
  "google/gemini-3.1-pro-preview": 0.25950078,
  "anthropic/claude-sonnet-4.6": 0.03044547,
  "openai/gpt-5.4": 0.029870775,
  "openai/gpt-5.4-pro": 1.6047801,
  "openrouter/hunter-alpha": 0,
  "openrouter/healer-alpha": 0,
  "xiaomi/mimo-v2-pro": 0.006812586,
  "minimax/minimax-m2.7": 0.007029396,
  "openai/gpt-5.4-mini": 0.0059229225,
  "openai/gpt-5.4-nano": 0.002703195,
  "x-ai/grok-4.20": 0.005829912,
  "kwaipilot/kat-coder-pro-v2": 0.001307097,
  "z-ai/glm-5.1": 0.02559332160002376
}