{
  "qwen/qwen3.5-plus-02-15": 0.0043828,
  "z-ai/glm-5": 0.0090924,
  "openai/gpt-oss-120b": 0.00060285,
  "openai/gpt-oss-20b": 0.00012344,
  "moonshotai/kimi-k2.5": 0.0094635,
  "minimax/minimax-m2.5": 0.0034998,
  "google/gemini-3-pro-preview": 0.022532,
  "google/gemini-3-flash-preview": 0.0057945,
  "anthropic/claude-sonnet-4.5": 0.02043,
  "anthropic/claude-haiku-4.5": 0.00755,
  "anthropic/claude-opus-4.5": 0.034325,
  "openai/gpt-5.2-codex": 0.01035825,
  "deepseek/deepseek-v3.2": 0.00056178,
  "openai/gpt-5.2": 0.02272025,
  "openai/gpt-5-mini": 0.00418775,
  "openai/gpt-5-nano": 0.00044115,
  "openai/gpt-4.1": 0.00788
}